Ticker,Company,Type,Flag
A,"AGILENT TECHNOLOGIES, INC",EQUITY D PENNIES TO 3.00,0
AA,ALCOA INC,EQUITY D PENNIES TO 3.00,0
AAL,American Airlines Group Inc.,EQUITY D PENNIES TO 3.00,0
AAPL,APPLE INC COM STK,EQUITY D PENNIES TO 3.00,0
ABT,ABBOTT LABORATORIES,EQUITY D PENNIES TO 3.00,0
ABX,BARRICK GOLD CORP,EQUITY D PENNIES TO 3.00,0
ACAS,"AMERICAN CAPITAL, LTD",EQUITY D PENNIES TO 3.00,0
ACI,"ARCH COAL, INC.",EQUITY D PENNIES TO 3.00,0
ADBE,ADOBE SYS INC (DE),EQUITY D PENNIES TO 3.00,0
ADM,ARCHER DANIELS MIDLAND CO,EQUITY D PENNIES TO 3.00,0
ADSK,AUTODESK INC (DE),EQUITY D PENNIES TO 3.00,0
AEM,AGNICO EAGLE MINES LTD,EQUITY D PENNIES TO 3.00,0
AET,AETNA INC.(NEW),EQUITY D PENNIES TO 3.00,0
AFL,AFLAC INC,EQUITY D PENNIES TO 3.00,0
AGNC,American Capital Agency Corp.,EQUITY D PENNIES TO 3.00,0
AGO,ASSURED GUARNATY LTD,EQUITY D PENNIES TO 3.00,0
AIG,AMERICAN INTL GROUP INC,EQUITY D PENNIES TO 3.00,0
AKAM,AKAMAI TECHNOLOGIES INC,EQUITY D PENNIES TO 3.00,0
AKS,AK STEEL HOLDING CORP,EQUITY D PENNIES TO 3.00,0
ALL,ALLSTATE CORP (THE),EQUITY D PENNIES TO 3.00,0
AMAT,APPLIED MATERIALS INC,EQUITY D PENNIES TO 3.00,0
AMD,"ADVANCED MICRO DEVICES, INC.",EQUITY D PENNIES TO 3.00,0
AMED,AMEDISYS INC,EQUITY D PENNIES TO 3.00,0
AMGN,AMGEN INC,EQUITY D PENNIES TO 3.00,0
AMRN,AMARIN CORP PLC ADS,EQUITY D PENNIES TO 3.00,0
AMZN,AMAZON COM INC,EQUITY D PENNIES TO 3.00,0
ANF,ABERCROMBIE & FITCH CO CL-A,EQUITY D PENNIES TO 3.00,0
ANTM,"Anthem, Inc. ",EQUITY D PENNIES TO 3.00,0
APA,APACHE CORP,EQUITY D PENNIES TO 3.00,0
APC,ANADARKO PETROLEUM CORP,EQUITY D PENNIES TO 3.00,0
APOL,"Apollo Education Group, Inc. Class A",EQUITY D PENNIES TO 3.00,0
ARNA,"ARENA PHARMACEUTICALS, INC.",EQUITY D PENNIES TO 3.00,0
ATVI,"Activision Blizzard, Inc.",EQUITY D PENNIES TO 3.00,0
AUY,YAMANA GOLD INC,EQUITY D PENNIES TO 3.00,0
AXP,AMERICAN EXPRESS COMPANY,EQUITY D PENNIES TO 3.00,0
BA,BOEING CO,EQUITY D PENNIES TO 3.00,0
BABA,Alibaba Group Holding Limited,EQUITY D PENNIES TO 3.00,0
BAC,BANK OF AMERICA CORP,EQUITY D PENNIES TO 3.00,0
BAX,BAXTER INTERNATIONAL INC,EQUITY D PENNIES TO 3.00,0
BBBY,BED BATH & BEYOND INC,EQUITY D PENNIES TO 3.00,0
BBD,BANCO BRADESCO ADS REP ONE PFD SH,EQUITY D PENNIES TO 3.00,0
BBRY,BlackBerry Limited,EQUITY D PENNIES TO 3.00,0
BBT,BB&T CORPORATION,EQUITY D PENNIES TO 3.00,0
BBY,BEST BUY CO INC,EQUITY D PENNIES TO 3.00,0
BCRX,BIOCRYST PHARMACEUTICALS INC,EQUITY D PENNIES TO 3.00,0
BHI,BAKER HUGHES INC,EQUITY D PENNIES TO 3.00,0
BHP,BHP BILLITON LIMITED ADS ( 2 ORD SH,EQUITY D PENNIES TO 3.00,0
BIDU,"BAIDU, INC - ADR",EQUITY D PENNIES TO 3.00,0
BK,THE BANK OF NEW YORK MELLON CORPORATION,EQUITY D PENNIES TO 3.00,0
BMY,BRISTOL MYERS SQUIBB COMPANY,EQUITY D PENNIES TO 3.00,0
BP,BP PLC ADS(RP 6 ORD),EQUITY D PENNIES TO 3.00,0
BPOP,POPULAR INC,EQUITY D PENNIES TO 3.00,0
BRCD,BROCADE COMMUNICATIONS SYS INC,EQUITY D PENNIES TO 3.00,0
BRCM,BROADCOM CORP CL-A,EQUITY D PENNIES TO 3.00,0
BRK-B,BERKSHIRE HATHAWAY DE - CL B,EQUITY D PENNIES TO 3.00,0
BSX,BOSTON SCIENTIFIC CORP,EQUITY D PENNIES TO 3.00,0
BTU,PEABODY ENERGY CORP,EQUITY D PENNIES TO 3.00,0
BX,The Blackstone Group L.P.,EQUITY D PENNIES TO 3.00,0
C,CITIGROUP,EQUITY D PENNIES TO 3.00,0
CAT,CATERPILLAR INC,EQUITY D PENNIES TO 3.00,0
CB,CHUBB CORPORATION,EQUITY D PENNIES TO 3.00,0
CBS,CBS CORPORATION CLASS B COM NEW,EQUITY D PENNIES TO 3.00,0
CELG,CELGENE CORPORATION,EQUITY D PENNIES TO 3.00,0
CENX,CENTURY ALUMINUM CO,EQUITY D PENNIES TO 3.00,0
CF,"CF INDUSTRIES HOLDINGS, INC.",EQUITY D PENNIES TO 3.00,0
CHK,CHESAPEAKE ENERGY CORP,EQUITY D PENNIES TO 3.00,0
CI,Cigna Corporation,EQUITY D PENNIES TO 3.00,0
CIEN,CIENA CORP COM NEW,EQUITY D PENNIES TO 3.00,0
CIT,CIT GROUP INC,EQUITY D PENNIES TO 3.00,0
CL,COLGATE-PALMOLIVE CO,EQUITY D PENNIES TO 3.00,0
CLF,Cliffs Natural Resources,EQUITY D PENNIES TO 3.00,0
CMA,COMERICA INC,EQUITY D PENNIES TO 3.00,0
CMCSA,COMCAST CORP CL A (NEW),EQUITY D PENNIES TO 3.00,0
CNX,CONSOL ENERGY INC,EQUITY D PENNIES TO 3.00,0
COF,CAPITAL ONE FINANCIAL CORP,EQUITY D PENNIES TO 3.00,0
COP,CONOCOPHILLIPS,EQUITY D PENNIES TO 3.00,0
COST,COSTCO WHOLESALE CORP-NEW,EQUITY D PENNIES TO 3.00,0
CREE,CREE INC,EQUITY D PENNIES TO 3.00,0
CRM,SALESFORCE.COM INC,EQUITY D PENNIES TO 3.00,0
CSCO,CISCO SYSTEMS INC,EQUITY D PENNIES TO 3.00,0
CSX,CSX CORP,EQUITY D PENNIES TO 3.00,0
CTIC,"CELL THERAPEUTICS, INC",EQUITY D PENNIES TO 3.00,0
CVS,CVS Health Corporation,EQUITY D PENNIES TO 3.00,0
CVX,CHEVRON CORPORATION,EQUITY D PENNIES TO 3.00,0
CX,"CEMEX, S.A.B. DE C.V. ADS (REPTSG 1",EQUITY D PENNIES TO 3.00,0
DAL,"Delta Air Lines, Inc.",EQUITY D PENNIES TO 3.00,0
DCTH,"Delcath Systems, Inc.",EQUITY D PENNIES TO 3.00,0
DD,DU PONT DE NEMOURS E I &CO,EQUITY D PENNIES TO 3.00,0
DDD,3-D SYSTEMS CORP,EQUITY D PENNIES TO 3.00,0
DE,DEERE & CO,EQUITY D PENNIES TO 3.00,0
DHI,DR HORTON INC,EQUITY D PENNIES TO 3.00,0
DIA,SPDR Dow Jones Ind Av ETF Trust,EQUITY D PENNIES TO 3.00,0
DIS,WALT DISNEY CO-DISNEY COMMON,EQUITY D PENNIES TO 3.00,0
DO,DIAMOND OFFSHORE DRILLING INC,EQUITY D PENNIES TO 3.00,0
DOW,DOW CHEMICAL CO,EQUITY D PENNIES TO 3.00,0
DRYS,DRYSHIPS INC.,EQUITY D PENNIES TO 3.00,0
DVN,DEVON ENERGY CORP (NEW),EQUITY D PENNIES TO 3.00,0
DXJ,WISDOM JPN HEDGED EQ FUND,EQUITY D PENNIES TO 3.00,0
EA,ELECTRONIC ARTS INC,EQUITY D PENNIES TO 3.00,0
EBAY,EBAY INC,EQUITY D PENNIES TO 3.00,0
EEM,iShares MSCI Emerging Markets ETF,EQUITY D PENNIES TO 3.00,0
EFA,ISHARES TR MSCI EAFE INDEX FD,EQUITY D PENNIES TO 3.00,0
EMC,EMC CORP.,EQUITY D PENNIES TO 3.00,0
EOG,"EOG RESOURCES,INC",EQUITY D PENNIES TO 3.00,0
ESI,ITT EDUCATIONAL SERVICES INC,EQUITY D PENNIES TO 3.00,0
ESRX,EXPRESS SCRIPTS HOLDING CO,EQUITY D PENNIES TO 3.00,0
ETFC,E*TRADE FINANCIAL CORPORATION,EQUITY D PENNIES TO 3.00,0
EWJ,iShares MSCI Japan ETF,EQUITY D PENNIES TO 3.00,0
EWT,iShares MSCI Taiwan ETF,EQUITY D PENNIES TO 3.00,0
EWW,iShares MSCI Mexico Capped ETF,EQUITY D PENNIES TO 3.00,0
EWY,iShares MSCI South Korea Capped ETF,EQUITY D PENNIES TO 3.00,0
EWZ,iShares MSCI Brazil Capped ETF,EQUITY D PENNIES TO 3.00,0
F,FORD MOTOR CO(NEW),EQUITY D PENNIES TO 3.00,0
FAS,Direxionshares Financial Bull 3X Shares,EQUITY D PENNIES TO 3.00,0
FAZ,Direxionshares Financial Bear 3X Shares,EQUITY D PENNIES TO 3.00,0
FB,FACEBOOK INC,EQUITY D PENNIES TO 3.00,0
FCX,Freeport-McMoran Inc.,EQUITY D PENNIES TO 3.00,0
FDX,FEDEX CORPORATION,EQUITY D PENNIES TO 3.00,0
FEYE,FIREEYE INC,EQUITY D PENNIES TO 3.00,0
FFIV,F5 NETWORKS INC,EQUITY D PENNIES TO 3.00,0
FIS,FIDELITY NATIONAL INFORMATION SERVI,EQUITY D PENNIES TO 3.00,0
FITB,FIFTH THIRD BANCORP (OHIO),EQUITY D PENNIES TO 3.00,0
FLEX,FLEXTRONICS INTL LTD,EQUITY D PENNIES TO 3.00,0
FSLR,"First Solar, Inc.",EQUITY D PENNIES TO 3.00,0
FXE,Currency Shares Euro Trust,EQUITY D PENNIES TO 3.00,0
FXI,iShares China Large-Cap ETF,EQUITY D PENNIES TO 3.00,0
FXP,ProShares Ultra FTSE China 50,EQUITY D PENNIES TO 3.00,0
GDX,MARKET VECTORS TR GOLD MINERS INDEX,EQUITY D PENNIES TO 3.00,0
GE,GENERAL ELECTRIC CO,EQUITY D PENNIES TO 3.00,0
GFI,GOLD FIELDS LTD SPONS ADR,EQUITY D PENNIES TO 3.00,0
GG,GOLDCORP INC.,EQUITY D PENNIES TO 3.00,0
GGP,"General Growth Properties, Inc.",EQUITY D PENNIES TO 3.00,0
GILD,GILEAD SCIENCES INC,EQUITY D PENNIES TO 3.00,0
GIS,GENERAL MILLS INC,EQUITY D PENNIES TO 3.00,0
GLD,SPDR Gold Trust,EQUITY D PENNIES TO 3.00,0
GLW,CORNING INCORPORATED,EQUITY D PENNIES TO 3.00,0
GM,GENERAL MOTORS COMPANY,EQUITY D PENNIES TO 3.00,0
GMCR,"Keurig Green Mountain, Inc.",EQUITY D PENNIES TO 3.00,0
GME,GAMESTOP CORP (HLDG CO) CL A,EQUITY D PENNIES TO 3.00,0
GNW,GENWORTH FINANCIAL INC CL A,EQUITY D PENNIES TO 3.00,0
GPRO,GoPro Inc.,EQUITY D PENNIES TO 3.00,0
GPS,GAP INC (THE),EQUITY D PENNIES TO 3.00,0
GRMN,GARMIN LTD,EQUITY D PENNIES TO 3.00,0
GRPN,Groupon,EQUITY D PENNIES TO 3.00,0
GS,GOLDMAN SACHS GROUP INC,EQUITY D PENNIES TO 3.00,0
HAL,HALLIBURTON CO (HOLDING CO),EQUITY D PENNIES TO 3.00,0
HBAN,HUNTINGTON BANCSHARES INC,EQUITY D PENNIES TO 3.00,0
HD,HOME DEPOT INC,EQUITY D PENNIES TO 3.00,0
HES,HESS CORPORATION,EQUITY D PENNIES TO 3.00,0
HIG,HARTFORD FIN SER GP INC,EQUITY D PENNIES TO 3.00,0
HL,HECLA MINING CO,EQUITY D PENNIES TO 3.00,0
HLF,HERBALIFE LTD,EQUITY D PENNIES TO 3.00,0
HOG,HARLEY DAVIDSON INC,EQUITY D PENNIES TO 3.00,0
HON,HONEYWELL INTERNATIONAL INC,EQUITY D PENNIES TO 3.00,0
HOT,STARWOOD HOTELS & RESORTS WORLDWIDE,EQUITY D PENNIES TO 3.00,0
HPQ,HEWLETT-PACKARD CO,EQUITY D PENNIES TO 3.00,0
HSBC,HSBC HOLD PLC ADS (REP 5 ORD),EQUITY D PENNIES TO 3.00,0
HSY,THE HERSHEY COMPANY,EQUITY D PENNIES TO 3.00,0
HYG,iShares iBoxx High Yield Corporate Bond ETF,EQUITY D PENNIES TO 3.00,0
IBM,INTL BUSINESS MACHINES CORP,EQUITY D PENNIES TO 3.00,0
IBN,ICICI BANK LTD ADS(RP 2EQTY SH,EQUITY D PENNIES TO 3.00,0
INTC,INTEL CORP,EQUITY D PENNIES TO 3.00,0
IOC,INTEROIL CORP (F),EQUITY D PENNIES TO 3.00,0
IP,INTERNATIONAL PAPER CO,EQUITY D PENNIES TO 3.00,0
IWM,ISHARES RUSSELL 2000 INDEX,EQUITY D PENNIES ALL,0
IYR,ISHARES DJ US REAL EST IDX FD,EQUITY D PENNIES TO 3.00,0
JCP,PENNEY J.C. CO INC (HOLDING COMPANY,EQUITY D PENNIES TO 3.00,0
JNJ,JOHNSON AND JOHNSON,EQUITY D PENNIES TO 3.00,0
JNPR,JUNIPER NETWORKS INC,EQUITY D PENNIES TO 3.00,0
JOY,JOY GLOBAL INC,EQUITY D PENNIES TO 3.00,0
JPM,JPMORGAN CHASE & CO COM STK,EQUITY D PENNIES TO 3.00,0
JWN,NORDSTROM,EQUITY D PENNIES TO 3.00,0
KBH,KB HOME,EQUITY D PENNIES TO 3.00,0
KCG,KCG Holdings Inc.,EQUITY D PENNIES TO 3.00,0
KEY,KEYCORP (NEW),EQUITY D PENNIES TO 3.00,0
KGC,KINROSS GOLD CORP NEW,EQUITY D PENNIES TO 3.00,0
KMI,KINDER MORGAN INC (DELAWARE),EQUITY D PENNIES TO 3.00,0
KO,COCA-COLA CO,EQUITY D PENNIES TO 3.00,0
KRE,SPDR S&P MORTGAGE FINANCE ETF,EQUITY D PENNIES TO 3.00,0
LEN,LENNAR CORP CL A COMMON,EQUITY D PENNIES TO 3.00,0
LLY,LILLY ELI & CO,EQUITY D PENNIES TO 3.00,0
LNC,LINCOLN NATIONAL CORP,EQUITY D PENNIES TO 3.00,0
LNG,CHENIERE ENERGY INC,EQUITY D PENNIES TO 3.00,0
LNKD,LINKEDIN CORP,EQUITY D PENNIES TO 3.00,0
LOW,LOWES COMPANIES INC,EQUITY D PENNIES TO 3.00,0
LULU,"Lululemon Athletica, Inc.",EQUITY D PENNIES TO 3.00,0
LVS,LAS VEGAS SANDS CORP,EQUITY D PENNIES TO 3.00,0
M,Macy's Inc.,EQUITY D PENNIES TO 3.00,0
MA,MASTERCARD INCORPORATED CL A COM,EQUITY D PENNIES TO 3.00,0
MBI,MBIA INC,EQUITY D PENNIES TO 3.00,0
MCD,MCDONALDS CORP,EQUITY D PENNIES TO 3.00,0
MCO,MOODY'S CORPORATION,EQUITY D PENNIES TO 3.00,0
MCPIQ,MOLYCORP INC DEL,EQUITY D PENNIES TO 3.00,0
MDLZ,"Mondelez International, Inc.",EQUITY D PENNIES TO 3.00,0
MDT,MEDTRONIC INC,EQUITY D PENNIES TO 3.00,0
MDVN,MEDIVATION INC.,EQUITY D PENNIES TO 3.00,0
MET,"METLIFE, INC",EQUITY D PENNIES TO 3.00,0
MGM,MGM Resorts International,EQUITY D PENNIES TO 3.00,0
MJN,Mead Johnson Nutrition Company,EQUITY D PENNIES TO 3.00,0
MMM,3M COMPANY,EQUITY D PENNIES TO 3.00,0
MNKD,MANNKIND CORP,EQUITY D PENNIES TO 3.00,0
MO,"ALTRIA GROUP,INC.",EQUITY D PENNIES TO 3.00,0
MON,MONSANTO COMPANY,EQUITY D PENNIES TO 3.00,0
MOS,MOSAIC COMPANY,EQUITY D PENNIES TO 3.00,0
MRK,MERCK & CO INC,EQUITY D PENNIES TO 3.00,0
MRO,MARATHON OIL CORP,EQUITY D PENNIES TO 3.00,0
MRVL,MARVELL TECH GROUP LTD,EQUITY D PENNIES TO 3.00,0
MS,MORGAN STANLEY,EQUITY D PENNIES TO 3.00,0
MSFT,MICROSOFT CORP,EQUITY D PENNIES TO 3.00,0
MSI,"MOTOROLA SOLUTIONS, INC.",EQUITY D PENNIES TO 3.00,0
MT,ARCELOR MITTAL NY REGISTRY SHS CL-A,EQUITY D PENNIES TO 3.00,0
MTG,MGIC INVESTMENT CORP,EQUITY D PENNIES TO 3.00,0
MU,MICRON TECHNOLOGY INC,EQUITY D PENNIES TO 3.00,0
MYL,"Mylan, Inc.",EQUITY D PENNIES TO 3.00,0
NBG,NATIONAL BANK OF GREECE S A,EQUITY D PENNIES TO 3.00,0
NBR,NABORS INDS LTD (NEW) BERMUDA,EQUITY D PENNIES TO 3.00,0
NE,Noble Corporation plc ,EQUITY D PENNIES TO 3.00,0
NEM,NEWMONT MINING CORP (HOLDING COMPAN,EQUITY D PENNIES TO 3.00,0
NFLX,NETFLIX COM INC,EQUITY D PENNIES TO 3.00,0
NKE,NIKE INC CL-B,EQUITY D PENNIES TO 3.00,0
NLY,"ANNALY CAPITAL MANAGEMENT, INC",EQUITY D PENNIES TO 3.00,0
NOK,NOKIA CORP ADS (REP 1 SHARE),EQUITY D PENNIES TO 3.00,0
NOV,"NATIONAL OILWELL VARCO, INC.",EQUITY D PENNIES TO 3.00,0
NQ,NQ Mobile Inc.,EQUITY D PENNIES TO 3.00,0
NTAP,"NETAPP, INC",EQUITY D PENNIES TO 3.00,0
NUE,NUCOR CORP,EQUITY D PENNIES TO 3.00,0
NVDA,NVIDIA CORP,EQUITY D PENNIES TO 3.00,0
OIH,Market Vecotrs Oil Services ETF,EQUITY D PENNIES TO 3.00,0
ORCL,ORACLE CORPORATION,EQUITY D PENNIES TO 3.00,0
OXY,OCCIDENTAL PETROLEUM CORP,EQUITY D PENNIES TO 3.00,0
P,PANDORA MEDIA INC,EQUITY D PENNIES TO 3.00,0
PBR,PETRO BRAS SA PETROBAS ADS (EA REPT,EQUITY D PENNIES TO 3.00,0
PCL,PLUM CREEK TIMBER CO (REIT),EQUITY D PENNIES TO 3.00,0
PEP,PEPSICO INC,EQUITY D PENNIES TO 3.00,0
PFE,PFIZER INC,EQUITY D PENNIES TO 3.00,0
PG,PROCTER & GAMBLE CO,EQUITY D PENNIES TO 3.00,0
PHM,"PULTEGROUP, INC",EQUITY D PENNIES TO 3.00,0
PLUG,PLUG POWER INC,EQUITY D PENNIES TO 3.00,0
PM,"Philip Morris International, Inc.",EQUITY D PENNIES TO 3.00,0
PNC,"PNC FINL SVCS GRP,INC(THE)",EQUITY D PENNIES TO 3.00,0
POT,POTASH CORP SASKATCHEWAN,EQUITY D PENNIES TO 3.00,0
PRU,PRUDENTIAL FINANCIAL INC.,EQUITY D PENNIES TO 3.00,0
QCOM,QUALCOMM INC,EQUITY D PENNIES TO 3.00,0
QID,ProShares ULTRASHORT QQQ,EQUITY D PENNIES TO 3.00,0
QLD,PROSHARES  ULTRA QQQ,EQUITY D PENNIES TO 3.00,0
QQQ,"PowerShares QQQ Trust, Series 1",EQUITY D PENNIES ALL,0
RAD,RITE AID CORPORATION,EQUITY D PENNIES TO 3.00,0
RCL,ROYAL CARIBBEAN CRUISES LTD,EQUITY D PENNIES TO 3.00,0
RF,REGIONS FINANCIAL CORP (NEW),EQUITY D PENNIES TO 3.00,0
RIG,Transocean Ltd.,EQUITY D PENNIES TO 3.00,0
RMBS,RAMBUS INC (DE),EQUITY D PENNIES TO 3.00,0
RSX,Market Vectors Russia ETF,EQUITY D PENNIES TO 3.00,0
RTN,RAYTHEON CO. (NEW),EQUITY D PENNIES TO 3.00,0
S,Sprint Corporation,EQUITY D PENNIES TO 3.00,0
SBUX,STARBUCKS CORPORATION,EQUITY D PENNIES TO 3.00,0
SCTY,Solarcity Corporation,EQUITY D PENNIES TO 3.00,0
SD,"Sandridge Energy, Inc.",EQUITY D PENNIES TO 3.00,0
SDS,PROSHARES TR ULTRASHORT S&P 500,EQUITY D PENNIES TO 3.00,0
SEED,Origin Agritech Ltd.,EQUITY D PENNIES TO 3.00,0
SHLD,SEARS HOLDINGS  CORP,EQUITY D PENNIES TO 3.00,0
SINA,SINA CORPORATION,EQUITY D PENNIES TO 3.00,0
SIRI,Sirius XM Holdings Inc.,EQUITY D PENNIES TO 3.00,0
SKF,Proshares UltraShort Financials,EQUITY D PENNIES TO 3.00,0
SLB,SCHLUMBERGER LTD,EQUITY D PENNIES TO 3.00,0
SLM,SLM CORPORATION VOTING COM,EQUITY D PENNIES TO 3.00,0
SLV,ISHARES SILVER TRUST,EQUITY D PENNIES TO 3.00,0
SLW,SILVER WHEATON CORP,EQUITY D PENNIES TO 3.00,0
SNDK,SANDISK CORP,EQUITY D PENNIES TO 3.00,0
SO,SOUTHERN CO,EQUITY D PENNIES TO 3.00,0
SPG,SIMON PROPERTIES GROUP INC,EQUITY D PENNIES TO 3.00,0
SPWR,SUNPOWER CORPORATION,EQUITY D PENNIES TO 3.00,0
SPY,S&P DEPOSITORY RECEIPTS (SPDRS),EQUITY D PENNIES ALL,0
SQNM,"Sequenom, Inc.",EQUITY D PENNIES TO 3.00,0
SRS,ProShares UltraShort Real Estate,EQUITY D PENNIES TO 3.00,0
SSO,ProShares Ultra S&P 500,EQUITY D PENNIES TO 3.00,0
STI,SUNTRUST BANKS INC,EQUITY D PENNIES TO 3.00,0
STT,STATE STREET CORP,EQUITY D PENNIES TO 3.00,0
STX,SEAGATE TECHNOLOGY,EQUITY D PENNIES TO 3.00,0
SU,SUNCOR ENERGY INC,EQUITY D PENNIES TO 3.00,0
SUNE,"SunEdison, Inc.",EQUITY D PENNIES TO 3.00,0
SWN,SOUTHWESTERN ENERGY CO (DELAWARE),EQUITY D PENNIES TO 3.00,0
SYMC,SYMANTEC CORP,EQUITY D PENNIES TO 3.00,0
T,AT&T INC. COM,EQUITY D PENNIES TO 3.00,0
TBT,PROSHARES ULTRASHORT LEHMAN 20+YR T,EQUITY D PENNIES TO 3.00,0
TCK,TECK RESOURCES LTD.,EQUITY D PENNIES TO 3.00,0
TEVA,TEVA PHARMACEUTCL INDS ADR,EQUITY D PENNIES TO 3.00,0
TGT,TARGET CORPORATION,EQUITY D PENNIES TO 3.00,0
TIF,TIFFANY & CO,EQUITY D PENNIES TO 3.00,0
TIVO,TIVO INC,EQUITY D PENNIES TO 3.00,0
TLT,iShares 20+ Year Treasury Bond ETF,EQUITY D PENNIES TO 3.00,0
TM,TOYOTA MOTOR CRP SPONSORED ADR (REP,EQUITY D PENNIES TO 3.00,0
TMUS,"T-Mobile US, Inc",EQUITY D PENNIES TO 3.00,0
TNA,Direxionshares Small Cap Bull 3X Shares,EQUITY D PENNIES TO 3.00,0
TSL,Trina Solar Ltd.,EQUITY D PENNIES TO 3.00,0
TSLA,TESLA MOTORS INC,EQUITY D PENNIES TO 3.00,0
TSO,TESORO CORPORATION,EQUITY D PENNIES TO 3.00,0
TWTR,"TWITTER, INC",EQUITY D PENNIES TO 3.00,0
TWX,Time Warner Inc.,EQUITY D PENNIES TO 3.00,0
TXN,TEXAS INSTRUMENTS INC.,EQUITY D PENNIES TO 3.00,0
TXT,TEXTRON INCORPORATED OF DEL,EQUITY D PENNIES TO 3.00,0
TYC,TYCO INTERNATIONAL LTD (NEW),EQUITY D PENNIES TO 3.00,0
TZA,Direxionshares Small Cap Bear 3X Shares,EQUITY D PENNIES TO 3.00,0
UAL,"United Continental Holding, Inc.",EQUITY D PENNIES TO 3.00,0
UNG,United States Natural Gas Fund,EQUITY D PENNIES TO 3.00,0
UNH,UNITEDHEALTH GROUP INC,EQUITY D PENNIES TO 3.00,0
UNP,UNION PACIFIC CORPORATION,EQUITY D PENNIES TO 3.00,0
UPS,"UNITED PARCEL SERVICE,INC.CL B",EQUITY D PENNIES TO 3.00,0
URE,PROSHARES ULTRA REAL EST,EQUITY D PENNIES TO 3.00,0
USB,U.S.BANCORP (NEW),EQUITY D PENNIES TO 3.00,0
USO,United States Oil Fund,EQUITY D PENNIES TO 3.00,0
UTX,UNITED TECHNOLOGIES CORP,EQUITY D PENNIES TO 3.00,0
UUP,POWER SHARES DB US DOLLAR BULLISH FUND,EQUITY D PENNIES TO 3.00,0
UVXY,PROSH ULTRA VIX SHORT-TERM FUTURES ETF,EQUITY D PENNIES TO 3.00,0
UYG,PROSHARES ULTRA FINANCIALS,EQUITY D PENNIES TO 3.00,0
V,"Visa, Inc.",EQUITY D PENNIES TO 3.00,0
VALE,VALE S.A.,EQUITY D PENNIES TO 3.00,0
VIAV,Viavi Solutions Inc.,EQUITY D PENNIES TO 3.00,0
VLO,VALERO ENERGY CORP (NEW),EQUITY D PENNIES TO 3.00,0
VOD,VODAFONE GROUP PLC (REPTSG 10 ORD S,EQUITY D PENNIES TO 3.00,0
VRNG,VRINGO INC,EQUITY D PENNIES TO 3.00,0
VRSN,VERISIGN INC,EQUITY D PENNIES TO 3.00,0
VVUS,VIVUS INC,EQUITY D PENNIES TO 3.00,0
VXX,IPATH S&P 500 VIX SH-TM FT,EQUITY D PENNIES TO 3.00,0
VZ,VERIZON COMMUNICATIONS,EQUITY D PENNIES TO 3.00,0
WBA,WALGREENS Boots Alliance Inc.,EQUITY D PENNIES TO 3.00,0
WDC,WESTERN DIGITAL CORP,EQUITY D PENNIES TO 3.00,0
WFC,WELLS FARGO & CO(NEW),EQUITY D PENNIES TO 3.00,0
WFM,WHOLE FOODS MKT INC,EQUITY D PENNIES TO 3.00,0
WFT,WEATHERFORD INTL LTD (BERMUDA),EQUITY D PENNIES TO 3.00,0
WHR,WHIRLPOOL CORPORATION,EQUITY D PENNIES TO 3.00,0
WIN,WINDSTREAM CORP COM,EQUITY D PENNIES TO 3.00,0
WLTGQ,"Walter Energy, Inc.",EQUITY D PENNIES TO 3.00,0
WMB,WILLIAMS COMPANIES,EQUITY D PENNIES TO 3.00,0
WMT,WAL-MART STORES INC,EQUITY D PENNIES TO 3.00,0
WYNN,WYNN RESORTS LTD,EQUITY D PENNIES TO 3.00,0
X,UNITED STATES STEEL CP,EQUITY D PENNIES TO 3.00,0
XHB,SPDR S&P HOMEBUILDERS ETF,EQUITY D PENNIES TO 3.00,0
XL,XL GROUP plc,EQUITY D PENNIES TO 3.00,0
XLB,SELECT SECTOR SPDR FD-MATERIALS,EQUITY D PENNIES TO 3.00,0
XLE,ENERGY SECTOR SPDR,EQUITY D PENNIES TO 3.00,0
XLF,FINANCIAL SECTOR SPDR,EQUITY D PENNIES TO 3.00,0
XLI,INDUSTRIAL SECTOR SPDR,EQUITY D PENNIES TO 3.00,0
XLK,TECHNOLOGY SECTOR SPDR,EQUITY D PENNIES TO 3.00,0
XLNX,XILINX INC,EQUITY D PENNIES TO 3.00,0
XLP,CONSUMER STAPLES SECTOR SPDR,EQUITY D PENNIES TO 3.00,0
XLU,UTILITIES SECTOR SPDR,EQUITY D PENNIES TO 3.00,0
XLV,SELECT SECTOR SPDR FUND-HEALTH CARE,EQUITY D PENNIES TO 3.00,0
XLY,SELECT SECTOR SPDR-CONSUMER DISRETI,EQUITY D PENNIES TO 3.00,0
XME,SPDR  S&P Metals & Mining ETF,EQUITY D PENNIES TO 3.00,0
XOM,EXXON MOBIL CORPORATION,EQUITY D PENNIES TO 3.00,0
XOP,P Oil & Gas Exploration & Production ETF,EQUITY D PENNIES TO 3.00,0
XRT,SPDR S&P RETAIL ETF,EQUITY D PENNIES TO 3.00,0
XRX,XEROX CORPORATION,EQUITY D PENNIES TO 3.00,0
YHOO,YAHOO INC,EQUITY D PENNIES TO 3.00,0
YRCW,YRC WORLDWIDE INC,EQUITY D PENNIES TO 3.00,0
YUM,"YUM BRANDS, INC",EQUITY D PENNIES TO 3.00,0
ZION,ZIONS BANCORP,EQUITY D PENNIES TO 3.00,0
ZNGA,ZYNGA INC,EQUITY D PENNIES TO 3.00,0